<?xml version="1.0" encoding="UTF-8"?>
<project-private xmlns="http://www.netbeans.org/ns/project-private/1">
    <editor-bookmarks xmlns="http://www.netbeans.org/ns/editor-bookmarks/2" lastBookmarkId="0"/>
    <open-files xmlns="http://www.netbeans.org/ns/projectui-open-files/2">
        <group>
            <file>file:/home/jafeth/Universidad/2016%20I%20Semestre/Programaciвn%20Orientada%20a%20Objetos/Proyectos/Proyecto%201/barberia/src/barberia/Cita.java</file>
            <file>file:/home/jafeth/Universidad/2016%20I%20Semestre/Programaciвn%20Orientada%20a%20Objetos/Proyectos/Proyecto%201/barberia/src/barberia/Barberia.java</file>
            <file>file:/home/jafeth/Universidad/2016%20I%20Semestre/Programaciвn%20Orientada%20a%20Objetos/Proyectos/Proyecto%201/barberia/src/barberia/CitaForm.java</file>
            <file>file:/home/jafeth/Universidad/2016%20I%20Semestre/Programaciвn%20Orientada%20a%20Objetos/Proyectos/Proyecto%201/barberia/src/barberia/ClienteForm.java</file>
            <file>file:/home/jafeth/Universidad/2016%20I%20Semestre/Programaciвn%20Orientada%20a%20Objetos/Proyectos/Proyecto%201/barberia/src/barberia/MainWindow.java</file>
            <file>file:/home/jafeth/Universidad/2016%20I%20Semestre/Programaciвn%20Orientada%20a%20Objetos/Proyectos/Proyecto%201/barberia/src/barberia/Cliente.java</file>
            <file>file:/home/jafeth/Universidad/2016%20I%20Semestre/Programaciвn%20Orientada%20a%20Objetos/Proyectos/Proyecto%201/barberia/src/barberia/Main.java</file>
        </group>
    </open-files>
</project-private>
